{
  "(2, 3, 5)": 0.2731707317073171,
  "(1, 2, 4)": 0.1378309756982227,
  "(1, 4, 5)": 0.20198961937716264,
  "(1, 3, 7)": 0.2258426966292135,
  "(1, 6, 7)": 0.45454545454545453,
  "(1, 3, 5)": 0.17465753424657535,
  "(2, 5, 7)": 0.24983692106979777,
  "(3, 5, 7)": 0.2289899768696993,
  "(2, 5, 6)": 0.4514705882352941,
  "(1, 3, 6)": 0.36825053995680346,
  "(4, 5, 7)": 0.4540612516644474,
  "(1, 3, 4)": 0.18280054029716344,
  "(1, 5, 7)": 0.20644216691068815,
  "(5, 6, 7)": 0.6844106463878327,
  "(3, 4, 5)": 0.30787037037037035,
  "(1, 2, 5)": 0.167420814479638,
  "(2, 6, 7)": 0.4942528735632184,
  "(2, 4, 6)": 0.3727891156462585,
  "(1, 2, 6)": 0.29322033898305083,
  "(4, 5, 6)": 0.5917808219178082,
  "(2, 3, 4)": 0.2914089347079038,
  "(2, 4, 5)": 0.24061538461538462,
  "(3, 4, 7)": 0.2915384615384615,
  "(1, 4, 7)": 0.17963224893917965,
  "(2, 4, 7)": 0.23961878829135466,
  "(1, 2, 7)": 0.22359913793103448,
  "(1, 2, 3)": 0.12174524982406756,
  "(3, 5, 6)": 0.4265486725663717,
  "(2, 3, 7)": 0.30193236714975846,
  "(4, 6, 7)": 0.5980707395498392,
  "(1, 4, 6)": 0.32082922013820336,
  "(3, 6, 7)": 0.5347721822541966,
  "(3, 4, 6)": 0.43567753001715265,
  "(2, 3, 6)": 0.45987654320987653,
  "(1, 5, 6)": 0.36926360725720386,
  "(3, 7, 9)": 0.4421052631578947,
  "(1, 2, 8)": 0.59375,
  "(1, 3, 9)": 0.24369747899159663,
  "(3, 6, 9)": 0.5384615384615384,
  "(2, 5, 9)": 0.376,
  "(3, 5, 9)": 0.37777777777777777,
  "(1, 2, 9)": 0.31333333333333335,
  "(1, 7, 9)": 0.21468926553672316,
  "(4, 7, 8)": 0.95,
  "(1, 4, 8)": 0.8125,
  "(1, 5, 9)": 0.1943127962085308,
  "(1, 6, 8)": 0.8333333333333334,
  "(1, 5, 8)": 0.3333333333333333,
  "(2, 6, 9)": 0.5714285714285714,
  "(3, 4, 9)": 0.44,
  "(5, 7, 9)": 0.52,
  "(2, 7, 9)": 0.32558139534883723,
  "(1, 3, 8)": 0.6111111111111112,
  "(2, 6, 8)": 0.6666666666666666,
  "(2, 5, 8)": 0.4090909090909091,
  "(1, 8, 9)": 0.5384615384615384,
  "(7, 8, 9)": 0.8461538461538461,
  "(2, 3, 9)": 0.4186046511627907,
  "(3, 5, 8)": 0.6,
  "(4, 5, 9)": 0.7368421052631579,
  "(5, 8, 9)": 0.8181818181818182,
  "(1, 7, 8)": 0.3888888888888889,
  "(6, 7, 8)": 1.0,
  "(4, 7, 9)": 0.7666666666666667,
  "(1, 6, 9)": 0.5609756097560976,
  "(5, 7, 8)": 0.84,
  "(2, 8, 9)": 0.7333333333333333,
  "(4, 8, 9)": 1.0,
  "(1, 4, 9)": 0.4358974358974359,
  "(4, 5, 8)": 0.8666666666666667,
  "(2, 3, 8)": 0.8148148148148148,
  "(6, 7, 9)": 0.75,
  "(3, 8, 9)": 0.75,
  "(2, 4, 8)": 0.85,
  "(2, 4, 9)": 0.525,
  "(3, 7, 8)": 0.6666666666666666,
  "(2, 7, 8)": 0.5365853658536586,
  "(6, 8, 9)": 1.0,
  "(3, 6, 8)": 0.8888888888888888,
  "(5, 6, 8)": 0.8,
  "(3, 4, 8)": 0.7333333333333333,
  "(4, 6, 9)": 0.8333333333333334,
  "(5, 6, 9)": 1.0
}