{
  "auc": 0.7976225340454304,
  "average_precision": 0.59986289008449,
  "accuracy": 0.78115971935617,
  "classification_report": {
    "0": {
      "precision": 0.8001684311838306,
      "recall": 0.9353114892420195,
      "f1-score": 0.862478117097841,
      "support": 7111.0
    },
    "1": {
      "precision": 0.6666666666666666,
      "recall": 0.3564509879891515,
      "f1-score": 0.46452915930320626,
      "support": 2581.0
    },
    "accuracy": 0.78115971935617,
    "macro avg": {
      "precision": 0.7334175489252486,
      "recall": 0.6458812386155854,
      "f1-score": 0.6635036382005236,
      "support": 9692.0
    },
    "weighted avg": {
      "precision": 0.7646166302945611,
      "recall": 0.78115971935617,
      "f1-score": 0.7565034720227325,
      "support": 9692.0
    }
  }
}