{
  "auc": 0.7823129670535158,
  "average_precision": 0.5783177421333423,
  "accuracy": 0.7704292199752373,
  "classification_report": {
    "0": {
      "precision": 0.7961930164888458,
      "recall": 0.923498804668823,
      "f1-score": 0.8551337977732926,
      "support": 7111.0
    },
    "1": {
      "precision": 0.6232686980609419,
      "recall": 0.3487020534676482,
      "f1-score": 0.44720496894409945,
      "support": 2581.0
    },
    "accuracy": 0.7704292199752373,
    "macro avg": {
      "precision": 0.7097308572748938,
      "recall": 0.6361004290682356,
      "f1-score": 0.651169383358696,
      "support": 9692.0
    },
    "weighted avg": {
      "precision": 0.7501429065154223,
      "recall": 0.7704292199752373,
      "f1-score": 0.7465014920357618,
      "support": 9692.0
    }
  }
}