{
  "auc": 0.7828950906397044,
  "average_precision": 0.5774071508621658,
  "accuracy": 0.7648576145274453,
  "classification_report": {
    "0": {
      "precision": 0.8242953020134228,
      "recall": 0.8635916186190409,
      "f1-score": 0.843486024311517,
      "support": 7111.0
    },
    "1": {
      "precision": 0.567350579839429,
      "recall": 0.49283223556760947,
      "f1-score": 0.5274725274725275,
      "support": 2581.0
    },
    "accuracy": 0.7648576145274453,
    "macro avg": {
      "precision": 0.6958229409264259,
      "recall": 0.6782119270933251,
      "f1-score": 0.6854792758920223,
      "support": 9692.0
    },
    "weighted avg": {
      "precision": 0.7558703816738565,
      "recall": 0.7648576145274453,
      "f1-score": 0.7593309649490085,
      "support": 9692.0
    }
  }
}