{
  "auc": 0.7732855291671759,
  "average_precision": 0.5675438726532014,
  "accuracy": 0.7701196863392489,
  "classification_report": {
    "0": {
      "precision": 0.7927107061503417,
      "recall": 0.929827028547321,
      "f1-score": 0.8558115454310121,
      "support": 7111.0
    },
    "1": {
      "precision": 0.6306439674315322,
      "recall": 0.3301046106160403,
      "f1-score": 0.4333672431332655,
      "support": 2581.0
    },
    "accuracy": 0.7701196863392489,
    "macro avg": {
      "precision": 0.7116773367909369,
      "recall": 0.6299658195816806,
      "f1-score": 0.6445893942821388,
      "support": 9692.0
    },
    "weighted avg": {
      "precision": 0.7495519925067957,
      "recall": 0.7701196863392489,
      "f1-score": 0.7433137385562202,
      "support": 9692.0
    }
  }
}