{
  "auc": 0.741242686353798,
  "average_precision": 0.5083324551515637,
  "classification_report": {
    "0": {
      "precision": 0.8379490425700269,
      "recall": 0.740455880296462,
      "f1-score": 0.7861915367483296,
      "support": 7151.0
    },
    "1": {
      "precision": 0.4569923932124049,
      "recall": 0.6040216550657386,
      "f1-score": 0.5203197868087942,
      "support": 2586.0
    },
    "accuracy": 0.7042210126322276,
    "macro avg": {
      "precision": 0.6474707178912159,
      "recall": 0.6722387676811004,
      "f1-score": 0.6532556617785619,
      "support": 9737.0
    },
    "weighted avg": {
      "precision": 0.7367727156480991,
      "recall": 0.7042210126322276,
      "f1-score": 0.7155800193052118,
      "support": 9737.0
    }
  },
  "positive_rate": 0.2656217903948071
}