{
  "auc": 0.7705880107195971,
  "average_precision": 0.5616954306183106,
  "classification_report": {
    "0": {
      "precision": 0.8654891304347826,
      "recall": 0.7126276045308348,
      "f1-score": 0.7816550348953141,
      "support": 7151.0
    },
    "1": {
      "precision": 0.4660950896336711,
      "recall": 0.6937354988399071,
      "f1-score": 0.5575757575757575,
      "support": 2586.0
    },
    "accuracy": 0.7076101468624834,
    "macro avg": {
      "precision": 0.6657921100342268,
      "recall": 0.703181551685371,
      "f1-score": 0.6696153962355358,
      "support": 9737.0
    },
    "weighted avg": {
      "precision": 0.7594161110744381,
      "recall": 0.7076101468624834,
      "f1-score": 0.7221429663784842,
      "support": 9737.0
    }
  }
}