{
  "threshold": 0.6500000000000001,
  "accuracy": 0.7666116384647131,
  "precision": 0.6362083689154568,
  "recall": 0.28864781092599767,
  "f1": 0.39712153518123666
}