{
  "car_sum": {
    "mean": 10.998007477096257,
    "std": 2.9232011742395274
  },
  "car_std": {
    "mean": 2.1424769772685193,
    "std": 0.7426934867027589
  },
  "car_range": {
    "mean": 4.173965736822645,
    "std": 1.4179682632631678
  },
  "car_median": {
    "mean": 3.591727948728483,
    "std": 1.2552190773364882
  },
  "car_min": {
    "mean": 1.623372088246169,
    "std": 0.8876717873436089
  },
  "car_max": {
    "mean": 5.797337825068814,
    "std": 1.4156111585396955
  }
}